{
    "grupo": {
        "nome": "grupo 9",
        "alunos": [
            {"nome": "Viccenzo Escarrone", "matricula": "22215096"},
            {"nome": "Lucas Ryan Carneiro", "matricula": "21202295"},
	    {"nome": "Leonardo Fonseca Franchini", "matricula": "23100484"}
        ]
    },
    "quartus": {
        "os": "Windows 11",
        "versao": "13.1.0 Build 162 10/23/2013 SJ Web Edition",
        "fpga": {
        "familia": "Cyclone III",
        "dispositivo": "EP3C5E144C7"
        }
    },
    "utilizacao": {
        "total combinational functions": 5,
        "dedicated logic registers": 4,
        "total pins": 41
    },
    "atraso": {
        "Fmax": 839.63,
        "unidade": "MHz"
    }        
}